Genus species,ETS,GBSSI,ITS,matK,PHYA,PHYB,psbA,rbcL,rpl32,rps2
Aeginetia indica,-,-,AY596819,-,AM233920,KC542196,-,-,-,-
Agalinis acuta,-,-,EU827814,AY563908,-,-,-,AY563943,-,EU827967
Agalinis aphylla,-,-,EU827819,AY563911,-,-,EU827891,AY563939,-,EU827974
Agalinis aspera,-,-,-,-,-,-,-,MG221654,-,-
Agalinis auriculata,-,-,EU827821,AY563917,-,-,EU827893,AY563938,-,EU827976
Agalinis calycina,-,-,-,GU943670,-,-,EU827895,EU828219,-,EU827978
Agalinis decemloba,-,-,EU827826,GU943673,-,-,-,EU828220,-,EU827982
Agalinis divaricata,-,-,EU827827,AY563906,-,-,EU827902,AY563946,-,EU827984
Agalinis edwardsiana,-,-,EU827829,-,-,-,EU827903,EU828221,-,EU827986
Agalinis fasciculata,-,-,EU827830,GU943677,AM233921,KC542197,EU827904,AY563944,-,EU827988
Agalinis filicaulis,-,-,EU827833,AY563919,-,-,EU827907,AY563937,-,EU827991
Agalinis gattingeri,-,-,EU827823,AY563907,-,-,EU827909,EU828224,-,EU827992
Agalinis georgiana,-,-,-,GU943683,-,-,-,KX397683,-,-
Agalinis harperi,-,-,EU827837,GU943686,-,-,EU827912,EU828226,-,EU827995
Agalinis heterophylla,-,-,EU827839,AY563918,-,-,EU827914,AY563934,-,EU827979
Agalinis homalantha,-,-,EU827840,GU943690,-,-,EU827916,EU828228,-,EU828000
Agalinis laxa,-,-,EU827842,GU943692,-,-,EU827918,EU828229,-,EU828001
Agalinis linifolia,-,-,EU827844,AY563923,-,-,EU827920,AY563949,-,EU828004
Agalinis maritima,-,-,EU827824,GU943696,-,-,EU827897,GU943612,-,EU828005
Agalinis navasotensis,-,-,EU827848,GU943699,-,-,EU827923,EU828232,-,EU828006
Agalinis neoscotica,-,-,-,-,-,-,-,MG223836,-,-
Agalinis obtusifolia,-,-,EU827851,AY563910,-,-,EU827925,AY563950,-,EU828008
Agalinis oligophylla,-,-,-,GU943710,-,-,EU827932,EU828235,-,EU828012
Agalinis paupercula,-,-,EU827853,GU943713,-,-,EU827935,GU943626,-,EU828017
Agalinis plukenetii,-,-,EU827855,AY563915,-,-,EU827937,AY563933,-,EU828018
Agalinis pulchella,-,-,EU827857,AY563912,-,-,EU827939,AY563935,-,EU828021
Agalinis purpurea,-,-,EU827858,JX091307,AM233922,KC542198,EU827941,EU828238,-,EU828022
Agalinis setacea,-,-,EU827862,AY563914,-,-,EU827945,AY563941,-,EU828027
Agalinis skinneriana,-,-,EU827864,GU943724,-,-,EU827948,EU828239,-,EU828029
Agalinis strictifolia,-,-,EU827867,AY563913,-,-,EU827898,AY563945,-,EU828031
Agalinis tenella,-,-,EU827850,AY563909,-,-,-,AY563948,-,EU828009
Agalinis tenuifolia,-,-,EU827875,AY563916,-,-,EU827958,AY563936,-,EU828039
Agalinis viridis,-,-,EU827876,GU943740,-,-,EU827959,EU828242,-,EU828041
Alectra aspera,-,-,EU253608,FR728637,-,-,-,-,-,-
Alectra aurantiaca,-,-,EU253618,-,-,-,-,-,-,-
Alectra capensis,-,-,EU253623,MG546863,-,-,-,-,-,-
Alectra fruticosa,-,-,EU253613,-,-,-,-,MG546904,-,MG546996
Alectra humbertii,-,-,EU253624,-,-,-,-,-,-,-
Alectra orobanchoides,-,-,EU253620,-,-,-,-,-,-,-
Alectra rigida,-,-,EU253621,AF489960,-,-,-,AF026819,-,U48741
Alectra sessiliflora,-,-,FJ790060,-,-,-,-,-,-,-
Alectra stricta,-,-,EU253619,AF051977,AM233924,KC542199,-,DQ017785,-,U48742
Alectra vogelii,-,-,EU253622,-,-,-,-,-,-,-
Aphyllon arenosum,-,-,KX161226,-,-,-,-,-,-,-
Aphyllon arizonicum,-,-,KX161146,-,-,-,-,-,-,KX160954
Aphyllon californicum,-,-,KC480368,-,-,-,-,-,-,KX160921
Aphyllon chilense,-,-,EU600371,-,AM233989,KC542244,-,AY582178,-,KC480429
Aphyllon cooperi,-,-,KX161184,-,-,-,-,-,-,KX160939
Aphyllon corymbosum,-,-,KC480369,-,-,-,-,-,-,KX160942
Aphyllon dugesii,-,-,KX161195,AF051993,AM233990,KC542245,-,U73969,-,U48760
Aphyllon fasciculatum,-,-,KC480371,-,-,-,-,-,-,KX160943
Aphyllon ludovicianum,-,-,KP715157,AF051994,AM233992,KC542248,-,U73970,-,KX160950
Aphyllon multiflorum,-,-,AY209293,-,KC542191,KC542246,-,-,-,KX160953
Aphyllon parishii,-,-,KX161244,-,-,-,-,-,-,KX160958
Aphyllon pinorum,-,-,AY209292,-,-,-,-,-,-,KX160961
Aphyllon riparium,-,-,KX161252,-,AM233994,KC542247,-,-,-,KX160962
Aphyllon tacnaense,-,-,KX161263,-,-,-,-,-,-,KX160963
Aphyllon tarapacanum,-,-,KX161264,-,-,-,-,-,-,KX160966
Aphyllon tuberosum,-,-,KX161147,-,-,-,-,-,-,KX160924
Aphyllon uniflorum,-,-,AY209297,AF051996,-,-,-,AY582180,-,AF055144
Aphyllon validum,-,-,KX161292,-,-,-,-,-,-,KX160988
Aphyllon vallicola,-,-,AY209295,-,-,-,-,-,-,KX160990
Asepalum erianthemum,-,-,-,-,-,-,-,-,-,-
Aureolaria flava,-,-,-,KJ772569,-,-,-,KJ773297,-,-
Aureolaria laevigata,-,-,EU827878,KP642849,-,-,KP643267,KP643718,-,-
Aureolaria pectinata,-,-,EU827879,-,-,-,EU827961,AY563940,-,EU828042
Aureolaria pedicularia,-,-,-,AY563920,AM233926,KC542200,EU827962,-,-,EU828043
Aureolaria virginica,-,-,-,KP643157,-,-,KP643582,KP644089,-,-
Bardotia ankaranensis,-,-,MF444632,FR728642,-,-,-,-,-,-
Bartsia alpina,-,-,JF900523,AY849600,AM233928,KC542201,KU216786,KU235112,-,U48751
Bartsiella rameauana,-,-,FJ790063,JF900587,-,-,KU216787,KU235131,-,-
Bellardia trixago,-,-,KX958622,FJ790113,AM233930,KC542203,KU216785,KU235114,-,JX022974
Bellardia viscosa,-,-,MG523316,AY849606,AM234000,KC542254,KU216811,KM360915,-,U48753
Boschniakia himalaica,-,-,KP281270,JX091311,KC542187,KC542204,-,-,-,MG546997
Boschniakia rossica,-,-,KC480304,AF051980,AM233932,KC542206,-,-,-,KC480415
Boulardia latisquama,-,-,EU827880,-,AM233933,KC542207,-,-,-,DQ310010
Brachystigma wrightii,-,-,MG523317,AY563922,-,-,EU827963,AY563942,-,EU828044
Brandisia hancei,-,-,MG523318,KC542149,AM233934,KC542208,-,EU366160,-,MG546998
Brandisia racemosa,-,-,KJ563191,MG546866,-,-,-,MG546907,-,MG546999
Brandisia swinglei,-,-,KC480306,-,-,-,-,KJ773321,-,-
Buchnera americana,-,-,-,KC542150,KC542188,KC542209,-,-,-,-
Buchnera cruciata,-,-,EU253603,-,-,-,-,-,-,-
Buchnera cryptocephala,-,-,-,-,-,-,-,-,-,-
Buchnera floridana,-,-,EU259260,-,AM233935,-,-,-,-,U48744
Buchnera foliosa,-,-,AY911216,-,-,-,-,-,-,-
Buchnera glabrata,-,-,EU259261,KC556899,-,-,-,-,-,JX022979
Buchnera hispida,-,-,-,FN773533,-,-,-,-,-,-
Buchnera pusilla,-,-,EU259262,JQ588563,-,-,-,JQ593060,-,-
Buchnera welwitschii,-,-,KC480307,-,-,-,-,-,-,-
Bungea trifida,-,-,EF103708,KC542151,AM233936,-,-,-,-,JX022980
Castilleja affinis,EF103638,-,FJ939247,-,-,-,-,-,-,-
Castilleja alpicola,FJ939234,FJ939193,EF103686,-,-,-,-,-,-,-
Castilleja ambigua,EF103611,FJ939223,-,-,-,-,-,MG223204,-,-
Castilleja angustifolia,-,-,EF103705,-,-,-,-,KY584357,-,-
Castilleja applegatei,EF103635,-,EF103691,-,-,-,-,-,-,-
Castilleja arachnoidea,EF103618,-,EF103698,-,-,-,-,-,-,-
Castilleja arvensis,EF103626,FJ939151,MF963926,JQ588564,-,-,-,JQ593063,-,-
Castilleja attenuata,EF103612,FJ939219,-,MF963555,-,-,-,MF963189,-,-
Castilleja auriculata,-,FJ939146,EF103740,-,-,-,-,-,-,-
Castilleja beldingii,EF103676,-,-,-,-,-,-,-,-,-
Castilleja brevistyla,EF103613,-,EF103681,-,-,-,-,-,-,-
Castilleja campestris,EF103605,FJ939207,-,-,-,-,-,-,-,-
Castilleja caudata,-,-,FJ939250,-,-,-,-,MG224549,-,-
Castilleja cerroana,FJ939237,FJ939186,-,-,-,-,-,-,-,-
Castilleja cervina,-,-,-,-,-,-,-,MG223659,-,-
Castilleja chromosa,EF103629,-,KC480308,-,-,-,-,-,-,-
Castilleja coccinea,-,-,EF103697,JX091314,-,-,-,MG224241,-,JX022981
Castilleja conzattii,EF103625,-,KC480309,-,-,-,-,-,-,-
Castilleja crista-galli,-,-,-,JX091315,AM233937,-,-,-,-,KC480416
Castilleja cusickii,EF103622,FJ939171,KC480310,-,-,-,-,MG222561,-,-
Castilleja densiflora,EF103615,FJ939221,EF103713,-,-,-,-,-,-,-
Castilleja elata,EF103643,-,EF103709,-,-,-,-,-,-,-
Castilleja elegans,EF103644,-,-,KC474424,-,-,-,KC482398,-,-
Castilleja elmeri,-,FJ939167,-,-,-,-,-,MG224394,-,-
Castilleja exilis,-,-,KC480311,-,-,-,-,-,-,-
Castilleja exserta,EF103614,FJ939198,KC480312,KC542152,AM233939,KC542212,-,-,-,JX022982
Castilleja fissifolia,-,-,-,-,AM233944,KC542213,-,-,-,-
Castilleja hispida,-,-,-,-,-,-,-,KX679134,-,-
Castilleja hyperborea,-,-,-,-,-,-,-,MG223082,-,-
Castilleja indivisa,-,-,-,-,-,-,-,MF351528,-,-
Castilleja integra,-,-,EF103716,-,-,-,-,KY040363,-,-
Castilleja integrifolia,EF103648,-,EF103683,-,-,-,-,-,-,-
Castilleja lacera,EF103608,FJ939211,FJ939251,-,-,-,-,-,-,-
Castilleja laciniata,FJ939238,-,EF103684,-,-,-,-,-,-,-
Castilleja lasiorhyncha,EF103621,FJ939201,EF103693,-,-,-,-,-,-,-
Castilleja lemmonii,EF103647,-,-,-,-,-,-,-,-,-
Castilleja levisecta,EF103606,-,KC480314,-,-,-,-,MG221478,-,-
Castilleja linariifolia,-,FJ939154,-,AF051981,-,-,-,AF026823,-,U48739
Castilleja lineariloba,-,FJ939216,EF103711,-,-,-,-,-,-,-
Castilleja lutescens,EF103641,-,EF103712,-,-,-,-,-,-,-
Castilleja miniata,EF103642,FJ939162,-,KC542153,AM233941,KC542214,FJ765679,KX678162,-,JX022983
Castilleja minor,-,-,-,-,-,-,-,MG222407,-,-
Castilleja nana,EF103617,-,-,-,-,-,-,-,-,-
Castilleja nivibractea,EF103633,-,FJ939244,-,-,-,-,-,-,-
Castilleja nubigena,FJ939231,FJ939138,EF103710,-,-,-,-,-,-,-
Castilleja occidentalis,EF103640,FJ939157,KC480367,-,-,-,-,MG222691,-,-
Castilleja ophiocephala,EF103677,FJ939178,EF103692,-,-,-,-,-,-,-
Castilleja oresbia,EF103620,-,-,-,-,-,-,-,-,-
Castilleja pallida,EF103630,-,EF103701,-,-,-,-,MG222886,-,-
Castilleja parviflora,EF103628,FJ939159,EF103700,-,-,-,-,MG224538,-,-
Castilleja peckiana,EF103631,-,EF103702,-,-,-,-,-,-,-
Castilleja peirsonii,-,FJ939172,FJ939249,-,-,-,-,-,-,-
Castilleja peruviana,FJ939236,FJ939183,EF103690,-,-,-,-,-,-,-
Castilleja pilosa,EF103616,FJ939175,-,-,-,-,-,-,-,-
Castilleja plagiotoma,EF103619,-,EF103695,-,-,-,-,-,-,-
Castilleja praeterita,EF103623,-,-,-,-,-,-,-,-,-
Castilleja profunda,FJ939239,-,EF103707,-,-,-,-,-,-,-
Castilleja pruinosa,EF103637,-,FJ939246,-,-,-,-,-,-,-
Castilleja pumila,-,FJ939142,EF103680,-,-,-,-,-,-,-
Castilleja racemosa,EF103604,-,-,-,-,-,-,-,-,-
Castilleja raupii,-,-,-,JN966219,-,-,-,JN965425,-,-
Castilleja rhexiifolia,-,-,KC480316,-,-,-,FJ765699,MG223133,-,-
Castilleja rubicundula,EF103610,FJ939218,-,KC542154,AM233942,-,-,-,-,JX022984
Castilleja rupicola,-,-,EF103696,-,-,-,-,MG222984,-,-
Castilleja scorzonerifolia,EF103624,-,-,-,-,-,-,-,-,-
Castilleja septentrionalis,-,-,KC480317,MG225003,-,-,-,MG221937,-,-
Castilleja sessiliflora,-,-,AF478944,JX091316,-,-,-,MG223142,-,JX022985
Castilleja sulphurea,AF478977,-,-,-,-,-,FJ765711,MG222104,-,-
Castilleja tenuiflora,-,FJ939148,EF103682,-,-,-,-,-,-,-
Castilleja tenuis,EF103607,FJ939209,-,-,AM233947,-,-,MG223595,-,-
Castilleja thompsonii,-,-,-,-,-,-,-,MG221615,-,-
Castilleja unalaschcensis,-,-,FJ939248,-,-,-,-,MG221547,-,-
Castilleja vadosa,FJ939235,FJ939196,FJ939245,-,-,-,-,-,-,-
Castilleja virgata,-,FJ939140,EF103706,-,-,-,-,-,-,-
Castilleja xanthotricha,FJ939232,-,-,-,-,-,-,-,-,-
Castilleja yukonis,EF103636,-,EF103703,-,-,-,-,MG221399,-,-
Castilleja zempoaltepetlensis,-,-,KC480320,-,-,-,-,-,-,-
Centranthera cochinchinensis,EF103632,-,MF963938,KX526734,-,-,-,KX527367,-,-
Chloropyron maritimum,-,-,EF103718,MF963566,-,-,-,MF963202,-,-
Chloropyron molle,EF103649,-,EF103719,-,-,-,-,-,-,-
Chloropyron palmatum,EF103650,-,MF964115,-,-,-,-,-,-,-
Chloropyron tecopense,EF103651,-,KC480321,MF963728,-,-,-,MF963367,-,-
Christisonia siamensis,EF103652,-,KY062761,-,KC542189,-,-,-,-,KC480417
Cistanche armena,-,-,AB217873,-,-,-,-,-,-,-
Cistanche deserticola,-,-,KJ004327,KY706627,-,-,-,-,-,AB062405
Cistanche phelypaea,-,-,AB217872,AF056149,-,-,-,-,-,AY849597
Cistanche salsa,-,-,AB217874,KY706626,-,-,-,-,-,AB062406
Cistanche sinensis,-,-,KC480323,KY706628,-,-,-,-,-,AB116623
Cistanche tubulosa,-,-,AY209304,-,-,-,-,-,-,AB062409
Cistanche violacea,-,-,KC480324,-,-,-,-,-,-,-
Conopholis alpina,-,-,KC480325,KJ772672,AM233949,KC542216,-,-,-,-
Conopholis americana,-,-,-,-,AM233950,KC542217,-,-,-,U48759 
Cordylanthus capitatus,-,-,-,-,-,-,-,-,-,-
Cordylanthus eremicus,EF103658,-,-,-,-,-,-,-,-,-
Cordylanthus kingii,-,-,EF103722,-,-,-,-,-,-,-
Cordylanthus pilosus,EF103659,-,-,-,-,-,-,-,-,-
Cordylanthus pringlei,EF103657,-,EF103725,-,-,-,-,-,-,-
Cordylanthus ramosus,-,-,AY911221,KC542157,AM233951,KC556900,-,-,-,-
Cordylanthus rigidus,EF103662,-,EF103721,-,-,-,-,-,-,-
Cordylanthus tenuis,EF103655,-,EF103724,-,-,-,-,-,-,-
Cordylanthus wrightii,EF103656,-,-,-,-,-,-,-,-,-
Cyclocheilon physocalyx,EF103660,-,-,-,-,-,-,-,-,-
Cyclocheilon somaliense,-,-,KC480327,AJ429336,-,-,-,U28871,-,-
Cycnium adonense,-,-,-,JX091318,AM233952,KC542218,-,-,-,JX022991
Cycnium herzfeldianum,-,-,EU259263,FR728649,-,-,-,-,-,-
Cycnium racemosum,-,-,KC480329,AY849601,-,-,-,DQ017783,-,U48745
Cycnium tubulosum,-,-,KC480330,FR728650,-,KC542219,-,-,-,KC480418
Cycnium volkensii,-,-,KC480331,-,-,-,-,-,-,-
Cymbaria mongolica,-,-,EU827881,KC542158,AM233953,KC542220,-,-,-,KC480419
Dasistoma macrophylla,-,-,MF964011,AY563921,-,-,EU827964,AY563947,-,EU828045
Dicranostegia orcuttiana,EF103653,-,AY209284,-,-,-,-,MF963269,-,-
Diphelypaea coccinea,-,-,AY209285,-,-,-,-,-,-,-
Diphelypaea tournefortii,-,-,KC480332,-,-,-,-,-,-,-
Epifagus virginiana,-,-,KC480333,MG224852,AM234039,KC542221,-,-,-,-
Escobedia crassipes,-,-,KC480334,-,-,-,-,-,-,JX022994
Escobedia grandiflora,-,-,KC480335,-,AM233955,-,-,-,-,JX022995
Escobedia laevis,-,-,KC480336,-,-,-,-,-,-,KC480420
Esterhazya campestris,-,-,EU029953,KC542159,AM233957,KC542222,-,-,-,JX022996
Euphrasia alpina,-,-,KC480337,-,-,-,-,-,-,-
Euphrasia alsa,-,-,KX166240,KC542160,AM233958,KC542223,-,-,-,KC480421
Euphrasia anglica,-,-,EU029955,JN894606,-,-,-,JN891552,MH202397,-
Euphrasia arctica,-,-,-,MH202284,-,-,-,JN891558,MH202416,-
Euphrasia azorica,-,-,-,HM850811,-,-,-,HM849997,-,-
Euphrasia bella,-,-,-,KU564573,-,-,-,KU564796,-,-
Euphrasia borealis,-,-,FJ667858,-,-,-,-,-,GQ283392,-
Euphrasia borneensis,-,-,FJ667829,-,-,-,-,-,-,FJ600682
Euphrasia callosa,-,-,KX166245,-,-,-,-,-,-,-
Euphrasia cambrica,-,-,KX165744,MH202291,-,-,-,JN891559,MH202421,-
Euphrasia campbellae,-,-,EU029956,MH202294,-,-,-,-,MH202424,-
Euphrasia christii,-,-,-,-,-,-,-,-,-,-
Euphrasia chrysantha,-,-,EU029958,-,-,-,-,-,-,-
Euphrasia cisalpina,-,-,-,-,-,-,-,-,-,-
Euphrasia cockayniana,-,-,-,-,-,-,-,-,-,-
Euphrasia collina,-,-,EU029959,KC542161,AM233959,KC542224,-,-,-,JX022997
Euphrasia confusa,-,-,EU029960,JN894611,-,-,-,JN891557,MH202429,-
Euphrasia cuneata,-,-,EU029961,-,-,-,-,-,-,-
Euphrasia dinarica,-,-,-,-,-,-,-,-,-,-
Euphrasia disjuncta,-,-,-,AY849602,-,-,-,AY849863,-,AY849598
Euphrasia disperma,-,-,AY264947,-,-,-,-,-,-,-
Euphrasia durietziana,-,-,EU029963,-,-,-,-,-,-,-
Euphrasia fedtschenkoana,-,-,-,-,-,-,-,-,-,-
Euphrasia fennica,-,-,EU029964,-,-,-,-,-,-,-
Euphrasia formosissima,-,-,KX165745,-,-,-,-,-,-,-
Euphrasia foulaensis,-,-,KX166614,MH202316,-,-,-,-,MH202446,-
Euphrasia frigida,-,-,-,MH202322,-,-,-,KT960525,GQ283399,-
Euphrasia glabrescens,-,-,EU029966,HM850812,-,-,-,-,-,-
Euphrasia grandiflora,-,-,KX165750,-,-,-,-,HM849998,-,-
Euphrasia heslop-harrisonii,-,-,AY596817,MH202327,-,-,-,-,MH202457,-
Euphrasia hirtella,-,-,-,KX959186,-,-,-,-,-,FJ600689
Euphrasia hookeri,-,-,-,-,-,-,-,-,-,-
Euphrasia hudsoniana,-,-,-,-,-,-,-,MG221317,-,-
Euphrasia inopinata,-,-,AY596810,-,-,-,-,-,GQ283478,-
Euphrasia insignis,-,-,EU029969,-,-,-,-,-,-,-
Euphrasia kashmiriana,-,-,EU029970,-,-,-,-,-,-,-
Euphrasia kerneri,-,-,EU029971,-,-,-,-,-,-,-
Euphrasia marchesettii,-,-,-,-,-,-,-,-,-,-
Euphrasia marshallii,-,-,KY514238,MH202335,-,-,-,-,MH202465,-
Euphrasia maximowiczii,-,-,KX165752,-,-,-,-,-,-,FJ600691
Euphrasia micrantha,-,-,EU029972,JN894610,-,-,-,MG223763,MH202481,-
Euphrasia minima,-,-,FJ667844,-,-,-,-,-,GQ283460,-
Euphrasia mirabilis,-,-,-,-,-,-,-,-,-,FJ600690
Euphrasia mollis,-,-,AY264974,-,-,-,-,-,-,-
Euphrasia nankotaizanensis,-,-,FJ790050,-,-,-,-,-,-,FJ600687
Euphrasia nemorosa,-,-,EU029973,FJ790110,-,-,-,MG221667,GQ283397,-
Euphrasia oakesii,-,-,AY596809,-,-,-,-,-,-,-
Euphrasia officinalis,-,-,KX166051,JF900571,-,-,-,KM360779,-,FJ600696
Euphrasia ostenfeldii,-,-,-,JN896182,-,-,-,JN892211,MH202496,-
Euphrasia parviflora,-,-,AY596811,-,-,-,-,-,-,-
Euphrasia pectinata,-,-,AY596814,-,-,KC542225,-,-,-,-
Euphrasia petiolaris,-,-,FJ667872,-,-,-,-,-,-,FJ600697
Euphrasia philippinensis,-,-,EU029975,-,-,-,-,-,-,FJ600684
Euphrasia phragmostoma,-,-,EU029976,-,-,-,-,-,-,-
Euphrasia picta,-,-,KX166746,-,-,-,-,-,-,FJ600692
Euphrasia pseudokerneri,-,-,KC480338,MH202370,-,-,-,JN891560,MH202500,-
Euphrasia randii,-,-,MG523319,-,-,KC542226,-,MG223084,-,-
Euphrasia regelii,-,-,EU029978,KC542162,AM233960,KC542227,-,KT280099,-,MG547000
Euphrasia revoluta,-,-,KX166241,-,-,-,-,-,-,-
Euphrasia rivularis,-,-,FJ790052,MH202373,-,-,-,JN892215,MH202503,-
Euphrasia rostkoviana,-,-,KX166617,FJ790112,-,-,-,JN891304,MH202506,-
Euphrasia rotundifolia,-,-,EU029980,MH202378,-,-,-,-,MH202508,-
Euphrasia salisburgensis,-,-,-,JX091322,-,KC542228,-,-,GQ283455,JX022999
Euphrasia scabra,-,-,KX166187,-,-,-,-,-,-,-
Euphrasia scottica,-,-,FJ790049,JN894422,-,-,-,JN891302,MH202509,-
Euphrasia sevanensis,-,-,AY911225,FJ790109,-,-,-,-,-,-
Euphrasia spectabilis,-,-,FJ790051,AY849603,-,-,-,AY849864,-,FJ600695
Euphrasia stricta,-,-,AY596816,FN773541,AM233961,-,-,HE574611,-,FJ600693
Euphrasia subarctica,-,-,-,JN966297,-,-,-,JN965543,-,FJ600694
Euphrasia suborbicularis,-,-,AY264989,-,-,-,-,MG222846,-,-
Euphrasia tarokoana,-,-,MF444630,-,-,-,-,-,-,FJ600688
Euphrasia tatarica,-,-,EU029981,-,-,-,-,-,-,-
Euphrasia taurica,-,-,KX166189,-,-,-,-,-,-,-
Euphrasia tetraquetra,-,-,AY165600,MH202387,-,-,-,JN891303,MH202519,-
Euphrasia transmorrisonensis,-,-,EU029982,-,-,-,-,-,-,FJ600685
Euphrasia tricuspidata,-,-,EU029983,-,-,-,-,-,-,-
Euphrasia vigursii,-,-,EU029984,MH202393,-,-,-,-,MH202523,-
Euphrasia wettsteiniana,-,-,-,-,-,-,-,KT626704,-,-
Euphrasia wettsteinii,-,-,-,-,-,-,-,MG221272,GQ283352,-
Euphrasia willkommii,-,-,KY706614,-,-,-,-,-,GQ283475,-
Gleadovia mupinensis,-,-,KC480340,KY706624,KY706629,KY706631,-,-,-,KY706619
Graderia fruticosa,-,-,AY911226,-,-,-,-,-,-,-
Graderia scabra,-,-,KC480341,-,-,-,-,AM235043,-,-
Harveya alba,-,-,KC480342,-,-,-,-,DQ017773,-,-
Harveya alectroides,-,-,-,FR728638,-,KC542229,-,DQ017786,-,-
Harveya bolusii,-,-,EU259268,AF051983,-,-,-,DQ017777,-,-
Harveya capensis,-,-,EU259271,AF489961,-,-,-,-,-,AF055142
Harveya coccinea,-,-,KC480343,-,-,-,-,DQ017778,-,-
Harveya huttonii,-,-,EU259270,-,-,-,-,-,-,-
Harveya hyobanchoides,-,-,EU259272,-,-,-,-,-,-,-
Harveya leucopharynx,-,-,-,JX091323,-,-,-,-,-,JX023001
Harveya obtusifolia,-,-,EU259273,-,-,KC542280,-,DQ017771,-,-
Harveya pauciflora,-,-,KC480344,-,-,-,-,-,-,-
Harveya pulchra,-,-,EU259267,-,-,-,-,DQ017779,-,-
Harveya pumila,-,-,-,-,-,-,-,DQ017772,-,-
Harveya purpurea,-,-,AY911228,AF051984,-,-,-,DQ017770,-,U48749
Harveya scarlatina,-,-,AF120225,-,-,-,-,DQ017774,-,-
Harveya silvatica,-,-,AY911229,-,-,-,-,DQ017775,-,-
Harveya speciosa,-,-,FJ790059,-,-,-,-,DQ017776,-,KC480422
Harveya squamosa,-,-,JF900511,-,-,-,-,-,-,-
Harveya stenosiphon,-,-,JF900510,-,-,-,-,-,-,-
Hedbergia abyssinica,-,-,KC480346,JF900574,-,-,-,-,-,JX023003
Hedbergia decurva,-,-,KC480347,JX629749,AM233964,KC542230,-,-,-,-
Hedbergia longiflora,-,-,KC480348,JF900583,AM233965,-,-,-,-,-
Hyobanche atropurpurea,-,-,KC480349,AF051986,AM233966,KC542231,-,-,-,AY849599
Hyobanche glabrata,-,-,KC480302,-,AM233967,-,-,-,-,JX023005
Hyobanche rubra,-,-,KC480350,JX091324,AM233931,KC542205,-,-,-,-
Hyobanche sanguinea,-,-,KC480351,AF051987,-,-,-,-,-,U48750
Kopsiopsis hookeri,-,-,-,AF051979,AM233969,-,-,-,-,U48757 
Kopsiopsis strobilacea,-,-,KC480352,-,-,-,-,-,-,U48758
Lamourouxia dasyantha,-,-,KY514237,-,AM233971,KC542233,-,X83719,-,KC480423
Lamourouxia rhinanthifolia,-,-,AM503877,KC542163,-,-,-,-,-,-
Lamourouxia viscosa,-,-,KJ563190,-,AM233973,KC542234,-,JN890561,-,AF055138
Lathraea clandestina,-,-,-,AF051989,-,-,-,-,-,U48755
Lathraea japonica,-,-,KC480287,-,-,-,-,-,-,-
Lathraea squamaria,-,-,KC480288,HM193524,-,-,-,-,-,KC480424
Leptorhabdos parviflora,-,-,KC480289,-,AM233976,-,-,-,-,-
Leucosalpa poissonii,-,-,MG523320,FR728645,AM233977,-,-,-,-,-
Lindenbergia grandiflora,-,-,KY513938,-,AM233978,-,-,-,-,-
Lindenbergia indica,-,-,KC480291,-,-,-,-,-,-,-
Lindenbergia muraria,-,-,KC480354,KC542165,AM233918,KC542235,-,-,-,JX023010
Lindenbergia philippensis,-,-,KC480355,AF051990,-,KC542236,-,AF123664,-,MG547001
Lindenbergia siniaca,-,-,AM503876,-,KC542190,-,-,-,-,-
Lindenbergia sokotrana,-,-,KC480357,JX091326,AM233919,-,-,-,-,KC480425
Macranthera flammea,-,-,AM503873,-,AM233979,-,-,-,-,AF055139
Mannagettaea hummelii,-,-,AM503858,KC542166,-,-,-,KX527303,-,KC480426
Melampyrum arvense,-,-,MG523321,AM503820,-,KC542237,-,AM503849,-,JX023012
Melampyrum carstiense,-,-,-,KC542167,-,KC542238,JQ910101,-,-,JX023013
Melampyrum cristatum,-,-,MF444634,AM503821,-,-,-,AM503850,-,-
Melampyrum italicum,-,-,FJ790039,AM503822,AM233980,-,-,AM503851,-,-
Melampyrum klebelsbergianum,-,-,AY881140,MG546868,AM233981,-,JQ910102,MG546910,-,MG547002
Melampyrum lineare,-,-,EU624125,-,-,-,-,AF026834,-,-
Melampyrum nemorosum,-,-,KY514239,FJ790117,-,KC542239,KU216775,KU235123,-,JX023014
Melampyrum pratense,-,-,EU624133,FJ790099,-,-,-,X83721,-,-
Melampyrum roseum,-,-,AM503865,-,AM233982,-,-,-,-,-
Melampyrum saxosum,-,-,EU253612,-,-,-,-,-,-,-
Melampyrum setaceum,-,-,EU259276,-,-,-,-,-,-,-
Melampyrum sylvaticum,-,-,KC480362,AF051991,-,-,-,AM503854,-,AF055148
Melampyrum velebiticum,-,-,-,AM503826,-,-,-,AM503855,-,-
Melasma calycinum,-,-,-,-,AM233984,-,-,-,-,-
Melasma physalodes,-,-,KJ563193,-,-,-,-,-,-,-
Melasma rhinanthoides,-,-,MG523322,-,-,-,-,-,-,-
Melasma scabrum,-,-,JF900518,AY849604,AM234042,KC542240,-,DQ017784,-,U48743
Micrargeria filiformis,-,-,KC480299,FN773549,-,-,-,-,-,-
Monochasma savatieri,-,-,KM408228,-,AM233927,-,-,-,-,-
Monochasma sheareri,-,-,KM408221,KC542169,-,KC542241,-,MG546911,-,MG547003
Neobartsia canescens,-,-,FJ790054,JF900582,-,-,-,-,-,-
Neobartsia crenata,-,-,KM408218,KC542148,-,KC542202,-,-,-,KC480414
Neobartsia crenoloba,-,-,JF900517,-,-,-,-,-,-,-
Neobartsia laniflora,-,-,FJ790047,-,-,-,-,-,-,-
Neobartsia laticrenata,-,-,KM408226,FJ790114,-,-,-,-,-,-
Neobartsia melampyroides,-,-,KM408229,-,-,-,-,-,-,-
Neobartsia mutica,-,-,KM408220,JF900581,-,-,-,-,-,-
Neobartsia pedicularoides,-,-,KM408224,FJ790107,-,-,-,-,-,-
Neobartsia pyricarpa,-,-,KM408222,-,-,-,-,-,-,-
Neobartsia ramosa,-,-,KM408223,-,-,-,-,-,-,-
Neobartsia santolinifolia,-,-,KC480364,-,-,-,-,-,-,-
Neobartsia sericea,-,-,EU259257,-,-,-,-,-,-,-
Neobartsia stricta,-,-,-,FJ790121,AM233986,-,-,-,-,-
Neobartsia tenuis,-,-,-,-,AM233987,-,-,-,-,-
Neobartsia thiantha,-,-,-,-,-,-,-,-,-,-
Nesogenes africanus,-,-,-,-,-,-,-,-,-,-
Nesogenes dupontii,-,-,HM193531,KC542170,-,KC542242,-,-,-,-
Nothobartsia aspera,-,-,JF900508,HM193527,-,-,-,-,-,-
Nothobartsia asperrima,-,-,JX629746,KX959123,-,-,-,-,-,-
Nothobartsia spicata,-,-,JF900507,KX959100,-,-,-,-,-,-
Odontitella virgata,-,-,JF900522,JF900572,-,-,-,KU235113,-,-
Odontites alshehbazianus,-,-,KX958740,-,-,-,-,-,-,-
Odontites aucheri,-,-,JF900528,FJ790098,-,-,-,-,-,-
Odontites bocconei,-,-,KX958743,HM193528,-,-,-,-,-,-
Odontites bolligeri,-,-,MF444476,KX959060,-,-,-,-,-,-
Odontites cebennensis,-,-,JF900525,KX959094,-,-,-,-,-,-
Odontites corsicus,-,-,JF900529,KX959050,-,-,-,-,-,-
Odontites cyprius,-,-,MF444510,KX959235,-,-,-,-,-,-
Odontites discolor,-,-,KX958615,-,-,-,-,-,-,-
Odontites foliosus,-,-,MF444548,KX959097,-,-,-,-,-,-
Odontites glutinosus,-,-,MF444609,JF900584,-,-,-,-,-,-
Odontites hispidulus,-,-,MF444578,-,-,-,-,-,-,-
Odontites hollianus,-,-,MF444604,KX959046,-,-,-,-,-,-
Odontites jaubertianus,-,-,KX958502,KX959223,-,-,-,-,-,-
Odontites kaliformis,-,-,MF444571,KX959000,-,-,-,-,-,-
Odontites lanceolatus,-,-,KX958684,KX959164,-,-,-,-,-,-
Odontites lapiei,-,-,MF444512,KX959224,-,-,-,-,-,-
Odontites linkii,-,-,MF444603,KX959056,-,-,-,-,-,-
Odontites litoralis,-,-,MF444552,KX959170,-,-,-,-,-,-
Odontites longiflorus,-,-,MF444520,KX959133,-,-,-,-,-,-
Odontites maroccanus,-,-,MF444523,KX959064,-,-,-,-,-,-
Odontites powellii,-,-,MF444584,KX959066,-,-,-,-,-,-
Odontites recordonii,-,-,MF444516,KX959023,-,-,-,-,-,-
Odontites rigidifolius,-,-,KX958749,-,AM233988,-,-,-,-,-
Odontites sillettii,-,-,MF444509,KX959246,-,-,-,-,-,-
Odontites triboutii,-,-,KX958739,-,-,-,-,-,-,-
Odontites vernus,-,-,MF444528,KC542171,-,KC542243,-,-,-,KC480428
Odontites violaceus,-,-,MF444527,-,-,-,-,-,-,-
Odontites vulcanicus,-,-,MF444583,KX959229,-,-,-,-,-,-
Odontites vulgaris,-,-,-,-,-,-,-,-,-,-
Omphalotrix longipes,-,-,-,KX526736,-,-,-,KX527434,-,-
Orobanche alsatica,-,-,KY513937,-,-,-,-,AY582182,-,-
Orobanche amethystea,-,-,EU655614,-,-,-,-,AF161798,-,DQ310023
Orobanche anatolica,-,-,KY218653,-,-,-,-,-,-,DQ310013
Orobanche artemisiae-campestris,-,-,KR260921,-,-,-,-,AY582184,-,DQ310018
Orobanche austrohispanica,-,-,AY209241,-,KU647700,-,-,-,-,-
Orobanche ballotae,-,-,KF359499,-,-,-,-,-,-,-
Orobanche bartlingii,-,-,KY513933,-,-,-,-,AY582186,-,DQ310017
Orobanche boninsimae,-,-,KU647698,KU647699,-,KU647701,-,-,-,KU647702
Orobanche caryophyllacea,-,-,KY513941,AF051992,-,-,-,-,-,AF055145
Orobanche coerulescens,-,-,KY513935,-,-,-,-,AY582187,-,DQ310016
Orobanche colorata,-,-,AY209281,-,-,-,-,AY582190,-,DQ310012
Orobanche crenata,-,-,EU655607,HM854937,AM233991,-,-,AY582191,-,DQ310022
Orobanche crinita,-,-,AY209244,-,-,-,-,-,-,-
Orobanche densiflora,-,-,KC480370,-,-,-,-,-,-,DQ310032
Orobanche elatior,-,-,KY513969,JN894103,-,-,-,JN890873,-,DQ403781
Orobanche flava,-,-,KY513955,-,AM233993,-,-,-,-,DQ310029
Orobanche foetida,-,-,EU655603,-,-,-,-,-,-,-
Orobanche gracilis,-,-,JX193303,HE967449,-,-,-,AY582197,-,DQ310030
Orobanche grenieri,-,-,KP641335,-,-,-,-,KP635272,-,-
Orobanche grossheimii,-,-,AY209277,-,-,-,-,-,-,DQ310028
Orobanche haenseleri,-,-,AY209253,-,-,-,-,-,-,-
Orobanche hederae,-,-,KY513931,AF051995,-,-,-,AF078682,-,KX160952
Orobanche inulae,-,-,MH100855,-,-,-,-,-,-,-
Orobanche kochii,-,-,KY513942,-,-,-,-,-,-,-
Orobanche krylowii,-,-,KY218645,-,-,-,-,-,-,-
Orobanche laxissima,-,-,KR260916,-,-,-,-,-,-,-
Orobanche leptantha,-,-,KY513970,-,-,-,-,KR260928,-,-
Orobanche lucorum,-,-,KY513932,-,-,-,-,-,-,-
Orobanche lutea,-,-,KY513967,-,-,-,-,-,-,DQ310025
Orobanche lycoctoni,-,-,MG979753,-,-,-,-,AY582206,-,-
Orobanche mayeri,-,-,KY513934,-,-,-,-,-,-,-
Orobanche minor,-,-,KR260918,-,AY348568,KC542249,-,AF130336,-,DQ310021
Orobanche mlokosiewiczii,-,-,KY218654,HM854938,-,-,-,-,-,-
Orobanche owerinii,-,-,KR260925,-,-,-,-,KR260937,-,DQ310020
Orobanche ozanonis,-,-,AY960723,-,-,-,-,-,-,DQ310027
Orobanche pallidiflora,-,-,KY513963,-,-,-,-,-,-,-
Orobanche pancicii,-,-,JN796923,-,-,-,-,KR260932,-,JN796924
Orobanche picridis,-,-,KR260920,-,-,-,-,-,-,-
Orobanche pubescens,-,-,AY209268,-,-,-,-,AY582276,-,-
Orobanche raddeana,-,-,KY218657,-,AM233995,KC542250,-,-,-,-
Orobanche rapum-genistae,-,-,AY209280,JN893918,-,-,-,AY582254,-,DQ310031
Orobanche reticulata,-,-,KY513956,-,-,-,-,-,-,-
Orobanche rigens,-,-,-,-,-,-,-,AY582266,-,-
Orobanche ritro,-,-,EU655617,-,-,-,-,-,-,-
Orobanche salviae,-,-,AY209252,-,-,-,-,-,-,-
Orobanche santolinae,-,-,EU655604,-,-,-,-,-,-,-
Orobanche sintenisii,-,-,AY209276,-,-,-,-,-,-,DQ310026
Orobanche teucrii,-,-,KR260924,-,-,-,-,KR260934,-,DQ310024
Orobanche transcaucasica,-,-,AY209261,-,-,-,-,AY582272,-,-
Orthocarpus barbatus,EF103666,-,EF103730,-,-,-,-,MG223924,-,-
Orthocarpus bracteosus,-,-,EF103729,KC542172,-,-,-,MG224343,-,AF055140
Orthocarpus cuspidatus,EF103668,-,EF103731,-,-,-,-,-,-,-
Orthocarpus imbricatus,-,-,EF103733,-,-,-,-,MG222714,-,-
Orthocarpus luteus,EF103664,-,EF103727,-,-,-,-,JX848479,-,-
Orthocarpus pachystachyus,EF103669,-,-,-,-,-,-,-,-,-
Orthocarpus purpureoalbus,EF103665,-,EF103728,-,-,-,-,-,-,-
Orthocarpus tenuifolius,EF103671,-,EF103734,JX091328,AM233998,KC542252,-,MG224572,-,JX023018
Orthocarpus tolmiei,EF103663,-,EF103726,-,-,-,-,-,-,-
Parentucellia latifolia,-,-,-,HM193526,AM233999,KC542253,KU216810,KU235130,-,-
Paulownia coreana,-,-,MF444628,-,-,-,-,-,-,-
Paulownia fortunei,-,-,KP718623,-,-,-,-,KP088705,-,-
Paulownia tomentosa,-,-,KJ563196,JX495739,-,KC542195,KX783442,L36447,-,AF055155
Pedicularis abrotanifolia,-,-,AF478941,KT022521,-,-,-,KT022695,-,-
Pedicularis achilleifolia,-,-,HG424062,KY088003,-,-,-,-,-,-
Pedicularis adunca,-,-,KY069304,HG423881,-,-,-,-,-,-
Pedicularis alaschanica,-,-,HG424063,JF955053,-,-,JN045877,JF942942,-,-
Pedicularis alatauica,-,-,AY949680,HG423883,-,-,-,-,-,-
Pedicularis albertii,-,-,HG424065,-,-,-,-,-,-,-
Pedicularis albida,-,-,HG424066,HG423884,-,-,-,-,-,-
Pedicularis albolabiata,-,-,-,HG424033,-,-,-,KC483339,-,-
Pedicularis aloensis,-,-,HG424215,KR699638,-,-,KR699633,KR078261,-,-
Pedicularis alopecuroides,-,-,KF277524,HG423885,-,-,JN045881,-,-,-
Pedicularis alopecuros,-,-,HG424067,JF955056,-,-,-,JF942945,-,-
Pedicularis altaica,-,-,HG424068,HG423887,-,-,-,KT022696,-,-
Pedicularis amoena,-,-,KY069291,KY088008,-,-,-,-,-,-
Pedicularis amoeniflora,-,-,KY069306,HG423889,-,-,-,-,-,-
Pedicularis amplituba,-,-,HG424071,JF955062,-,-,JN045886,JF942951,-,-
Pedicularis anas,-,-,JF977468,JF955064,-,-,JN045888,JF942953,-,-
Pedicularis angustifolia,-,-,JN252731,HG423891,-,-,-,-,-,-
Pedicularis angustilabris,-,-,HG424073,KT022523,-,-,-,KT022697,-,-
Pedicularis angustiloba,-,-,KF277525,-,-,-,-,-,-,-
Pedicularis anserantha,-,-,HG424074,-,-,-,-,-,-,-
Pedicularis anthemifolia,-,-,AY949636,KR006663,-,-,KR006686,KR006674,-,-
Pedicularis arguteserrata,-,-,JN252733,HG423893,-,-,-,-,-,-
Pedicularis armata,-,-,HG424075,KT022526,-,-,-,KT022700,-,-
Pedicularis armena,-,-,KF277527,-,-,-,-,-,-,-
Pedicularis artselaeri,-,-,HG424077,HG423896,-,-,-,KT022701,-,-
Pedicularis ascendens,-,-,HG424078,-,-,-,-,-,-,-
Pedicularis aspleniifolia,-,-,HG424079,-,-,-,-,-,-,-
Pedicularis atropurpurea,-,-,HG424080,-,-,-,-,-,-,-
Pedicularis attollens,-,-,HG424081,KT022528,-,-,-,KT022702,-,AF055149
Pedicularis atuntsiensis,-,-,EF103743,KT022529,-,-,-,KT022703,-,-
Pedicularis aurata,-,-,KT022427,KT022530,-,-,-,KT022704,-,-
Pedicularis axillaris,-,-,JN252735,JF955069,-,-,JN045893,KT022705,-,-
Pedicularis batangensis,-,-,-,JF955073,-,-,-,JF942962,-,-
Pedicularis bella,-,-,HG424084,KT022532,-,-,-,KT022706,-,-
Pedicularis bidentata,-,-,JN252737,JN120035,-,-,-,-,-,-
Pedicularis bietii,-,-,JN252738,-,-,-,JN120052,JN120042,-,-
Pedicularis bifida,-,-,JN120027,-,-,-,-,-,-,-
Pedicularis brachystachys,-,-,AY949685,HG423903,-,-,-,-,-,-
Pedicularis bracteosa,-,-,KY069308,-,-,-,-,MG222312,-,-
Pedicularis brevilabris,-,-,HG424090,JF955077,-,-,JN045902,JF942966,-,-
Pedicularis canadensis,-,-,-,HG423909,-,-,KP643390,KP643854,-,-
Pedicularis capitata,-,-,HG424091,KC475190,-,-,-,KC483353,-,-
Pedicularis caucasica,-,-,HG424092,-,-,-,-,-,-,-
Pedicularis centranthera,-,-,HG424093,-,-,-,-,-,-,-
Pedicularis cephalantha,-,-,KJ735488,JF955081,-,-,JN045907,JF942970,-,-
Pedicularis cernua,-,-,HG424094,KT022536,-,-,-,KT022709,-,-
Pedicularis chamissonis,-,-,KF277529,-,-,-,-,-,-,-
Pedicularis cheilanthifolia,-,-,AY949631,KT280236,-,-,-,KT280131,-,-
Pedicularis chenocephala,-,-,JN252742,KT022542,-,-,-,KT022715,-,-
Pedicularis chinensis,-,-,HG424095,KT280237,-,-,-,KT280132,-,-
Pedicularis cinerascens,-,-,KF277531,JF955088,-,-,JN045911,JF942977,-,-
Pedicularis clarkei,-,-,HG424096,JF955090,-,-,JN045913,JF942979,-,-
Pedicularis comosa,-,-,JF977496,-,-,-,-,-,-,-
Pedicularis compacta,-,-,HG424097,KY088012,-,-,-,-,-,-
Pedicularis comptoniifolia,-,-,KY069309,JF955092,-,-,JN045915,JF942981,-,-
Pedicularis confertiflora,-,-,JF977498,JX091329,-,-,JN045921,JF942984,-,JX023021
Pedicularis confluens,-,-,HG424099,KT022545,-,-,-,KT022718,-,-
Pedicularis contorta,-,-,KF277532,-,-,-,-,MG222019,-,-
Pedicularis cornigera,-,-,HG424100,-,-,-,-,-,-,-
Pedicularis coronata,-,-,AY949634,-,-,-,-,AF206803,-,-
Pedicularis corydaloides,-,-,-,KT022546,-,-,-,KT022719,-,-
Pedicularis cranolopha,-,-,KT022436,JF955099,-,-,JN045922,KT280133,-,-
Pedicularis crassirostris,-,-,JF977506,-,-,-,-,-,-,-
Pedicularis crenata,-,-,HG424102,JF955106,-,-,JN045932,JF942996,-,-
Pedicularis crenularis,-,-,JF977513,-,-,-,-,-,-,-
Pedicularis crenulata,-,-,HG424103,HG423921,-,-,-,-,-,-
Pedicularis cristatella,-,-,JN252747,KT022549,-,-,-,KT022721,-,-
Pedicularis croizatiana,-,-,JN252748,-,-,-,-,KT022722,-,-
Pedicularis cryptantha,-,-,-,KT022550,-,-,-,KT022723,-,-
Pedicularis cyathophylla,-,-,KF277535,JF955110,-,-,KF011795,KF011751,-,-
Pedicularis cyathophylloides,-,-,KP986203,JF955115,-,-,JN045938,JF943005,-,-
Pedicularis cyclorhyncha,-,-,HG424105,KT022553,-,-,-,KT022726,-,-
Pedicularis cymbalaria,-,-,KF277536,JF955120,-,-,JN045943,JF943010,-,-
Pedicularis cystopteridifolia,-,-,JF977528,HG423924,-,-,-,-,-,-
Pedicularis dasyantha,-,-,HG424106,HG423925,-,-,-,KT022729,-,-
Pedicularis dasystachys,-,-,HG424107,HG423927,-,-,-,-,-,-
Pedicularis daucifolia,-,-,KY069311,-,-,-,-,-,-,-
Pedicularis davidii,-,-,JN252751,JF955124,-,-,JN045947,JF943014,-,-
Pedicularis debilis,-,-,JN252752,JF955127,-,-,JN045950,KT022730,-,-
Pedicularis decora,-,-,JF977534,JF955130,-,-,-,JF943020,-,-
Pedicularis decorissima,-,-,JF977537,JF955132,-,-,JN045955,JF943022,-,-
Pedicularis deltoidea,-,-,HG424111,JF955134,-,-,JN045957,JF943024,-,-
Pedicularis densiflora,-,-,JF977541,HG423931,-,-,-,KR078262,-,-
Pedicularis densispica,-,-,HG424112,JF955136,AM234002,KC542255,JN045960,KT022733,-,KC480430
Pedicularis dichotoma,-,-,KC480379,JF955141,-,-,JN045964,JF943031,-,-
Pedicularis diffusa,-,-,JF977548,KT022561,-,-,-,KT022734,-,-
Pedicularis dissectifolia,-,-,KF277538,JF955145,-,-,JN045969,JF943035,-,-
Pedicularis dolichantha,-,-,JF977553,KT022564,-,-,-,KT022737,-,-
Pedicularis dolichocymba,-,-,KF277540,JF955147,-,-,JN045970,JF943037,-,-
Pedicularis dolichoglossa,-,-,JN252755,HG423933,-,-,-,-,-,-
Pedicularis dolichorrhiza,-,-,JN252756,-,-,-,-,KT022738,-,-
Pedicularis dubia,-,-,HG424114,HG423934,-,-,-,-,-,-
Pedicularis duclouxii,-,-,-,-,-,-,-,-,-,-
Pedicularis dudleyi,-,-,AY155299,-,-,-,-,-,-,-
Pedicularis dulongensis,-,-,KJ735492,KT022567,-,-,-,KT022740,-,-
Pedicularis dunniana,-,-,KT022449,JF955149,-,-,-,JF943039,-,-
Pedicularis elata,-,-,JF977556,KT022569,-,-,-,KT022742,-,-
Pedicularis elongata,-,-,KY069312,-,-,-,-,-,-,-
Pedicularis elwesii,-,-,HG424116,JF955152,-,KC542256,JN045978,KT022743,-,JX023022
Pedicularis eriantha,-,-,JN252757,-,-,-,-,-,-,-
Pedicularis eriophora,-,-,HG424117,-,-,-,-,-,-,-
Pedicularis exaltata,-,-,HG424118,HG423937,-,-,-,-,-,-
Pedicularis fargesii,-,-,KY979598,KT022571,-,-,-,KT022744,-,-
Pedicularis fengii,-,-,KT022451,JF955156,-,-,JN045980,JF943046,-,-
Pedicularis fetisowii,-,-,JF977564,KY088017,-,-,-,KT022745,-,-
Pedicularis filicifolia,-,-,KY069295,KT022572,-,-,-,KT022746,-,-
Pedicularis filicula,-,-,KT022452,KT022573,-,-,KF011797,KF011753,-,-
Pedicularis fissa,-,-,KF011709,HG423939,-,-,-,-,-,-
Pedicularis flaccida,-,-,HG424120,KT022574,-,-,-,KT022748,-,-
Pedicularis flammea,-,-,KF277544,HG423940,-,-,-,JN965711,-,-
Pedicularis flava,-,-,HG424121,HG423941,-,-,-,-,-,-
Pedicularis fletcherii,-,-,HG424122,KT022577,-,-,-,KT022751,-,-
Pedicularis flexosoides,-,-,KF277546,-,-,-,-,-,-,-
Pedicularis flexuosa,-,-,HG424124,KT022580,-,-,-,KT022754,-,-
Pedicularis floribunda,-,-,AY949687,JF955159,-,-,JN045982,JF943049,-,-
Pedicularis foliosa,-,-,JF977566,AF489959,AM234003,-,-,AF026836,-,U48740
Pedicularis fragarioides,-,-,KC480380,-,-,-,-,-,-,-
Pedicularis franchetiana,-,-,HG424125,-,-,-,-,-,-,-
Pedicularis furbishiae,-,-,AY155314,-,-,-,-,MG221636,-,-
Pedicularis furfuracea,-,-,KJ735493,-,-,-,-,-,-,-
Pedicularis galeata,-,-,AY949701,KT022581,-,-,-,KT022755,-,-
Pedicularis gammieana,-,-,-,KT022582,-,-,-,KT022756,-,-
Pedicularis geosiphon,-,-,-,-,-,-,-,-,-,-
Pedicularis glabrescens,-,-,HG424126,JF955161,-,-,JN045985,JF943051,-,-
Pedicularis globifera,-,-,HG424127,KT022584,-,-,-,KT022758,-,-
Pedicularis gloriosa,-,-,KT022456,AB280522,-,-,-,-,-,-
Pedicularis gongshanensis,-,-,AY949647,KT022585,-,-,-,KT022759,-,-
Pedicularis gracilicaulis,-,-,KT022457,-,-,-,-,-,-,-
Pedicularis gracilis,-,-,KF277547,JF955165,-,-,JN045988,JF943055,-,-
Pedicularis gracilituba,-,-,AY949657,KT022586,-,-,-,KT022760,-,-
Pedicularis grandiflora,-,-,KF277548,AB280530,-,-,-,KT022762,-,-
Pedicularis grayi,-,-,HG424128,HG423948,-,-,-,-,-,-
Pedicularis groenlandica,-,-,HG424129,HG423949,-,-,-,HQ384873,-,-
Pedicularis gruina,-,-,HG424130,KC840063,-,-,JN045997,KC840112,-,-
Pedicularis gyirongensis,-,-,JF977577,KT022589,-,-,-,KT022763,-,-
Pedicularis gyroflexa,-,-,KF277550,-,-,-,HG800550,HG417020,-,-
Pedicularis gyrorhyncha,-,-,HG424131,KC542174,AM234004,KC542257,JN045999,KT022764,-,JX023023
Pedicularis hacquetii,-,-,JN252762,-,-,-,-,-,-,-
Pedicularis hemsleyana,-,-,KY979593,-,-,-,-,-,-,-
Pedicularis henryi,-,-,JN252763,KT022591,-,-,-,KT022765,-,-
Pedicularis hirsuta,-,-,KF277592,KC475208,-,-,-,KT022766,-,-
Pedicularis hoffmeisteri,-,-,HG424132,-,-,-,-,-,-,-
Pedicularis howellii,-,-,AY949640,-,-,-,-,-,-,-
Pedicularis inaequilobata,-,-,KJ735495,KT022593,-,-,-,KT022767,-,-
Pedicularis incarnata,-,-,KT022461,KY088018,-,-,-,-,-,-
Pedicularis inconspicua,-,-,KY069313,HG423953,-,-,-,-,-,-
Pedicularis ingens,-,-,HG424134,JX091330,-,KC542258,JN046003,JF943069,-,JX023024
Pedicularis insignis,-,-,HG424135,KT022594,-,-,-,KT022768,-,-
Pedicularis integrifolia,-,-,KT022462,JF955181,-,-,JN046005,JF943071,-,-
Pedicularis interior,-,-,JN252765,-,-,-,-,MG221956,-,-
Pedicularis interrupta,-,-,-,HG423956,-,-,-,-,-,-
Pedicularis ishidoyana,-,-,HG424137,-,-,-,-,-,-,-
Pedicularis iwatensis,-,-,KY514254,AB280513,-,-,-,-,-,-
Pedicularis julica,-,-,AY949654,KC542175,AM234005,KC542259,-,-,-,JX023025
Pedicularis kanei,-,-,HG424138,-,-,-,-,-,-,-
Pedicularis kangtingensis,-,-,KJ735496,KT022595,-,-,-,KT022769,-,-
Pedicularis kansuensis,-,-,KF277553,JN120030,AM234006,-,JN046008,KR006677,-,-
Pedicularis karatavica,-,-,JN252766,HG423960,-,-,-,-,-,-
Pedicularis keiskei,-,-,HG424140,-,-,-,-,-,-,-
Pedicularis kerneri,-,-,HG424141,-,AM234007,KC542260,-,-,-,KC480431
Pedicularis kiangsiensis,-,-,KC480384,-,-,-,-,-,-,-
Pedicularis korolkowii,-,-,KT022465,HG423963,-,-,-,-,-,-
Pedicularis krylovii,-,-,HG424143,HG423964,-,-,-,-,-,-
Pedicularis kusnetzovii,-,-,HG424144,HG423965,-,-,-,-,-,-
Pedicularis labordei,-,-,HG424145,JF955189,-,-,JN046016,JF943080,-,-
Pedicularis labradorica,-,-,JF977597,HG423966,-,-,JN046021,JN965717,-,-
Pedicularis lachnoglossa,-,-,HG424146,JF955194,-,-,-,JF943085,-,-
Pedicularis lanata,-,-,AY949658,HG423967,-,-,-,KC483380,-,-
Pedicularis lanceolata,-,-,HG424147,HG423968,-,-,-,MG222671,-,JX023026
Pedicularis langsdorffii,-,-,HG424149,HG423969,-,-,-,KC483396,-,-
Pedicularis lapponica,-,-,HG424150,HG423970,-,-,-,JN965719,-,-
Pedicularis lasiophrys,-,-,HG424151,KR707755,-,-,-,KR707777,-,-
Pedicularis lasiostachys,-,-,AY949662,HG423971,-,-,-,-,-,-
Pedicularis latituba,-,-,HG424152,JF955199,-,-,JN046023,JF943090,-,-
Pedicularis laxiflora,-,-,HG424153,-,-,-,-,-,-,-
Pedicularis lecomtei,-,-,AY155313,JF955202,-,-,-,JF943093,-,-
Pedicularis legendrei,-,-,JF977610,KT022601,-,-,-,KT022775,-,-
Pedicularis leptosiphon,-,-,KF277555,KT022602,-,-,-,KT022776,-,-
Pedicularis likiangensis,-,-,KF277556,JF955205,-,-,JN120047,KT022777,-,-
Pedicularis lineata,-,-,JN252768,KT022604,-,-,-,KT022778,-,-
Pedicularis longicaulis,-,-,AY949664,JF955207,-,-,JN046029,JF943098,-,-
Pedicularis longiflora,-,-,JF977615,KT280239,-,-,-,KT280134,-,-
Pedicularis longipes,-,-,KY069293,JF955216,-,-,JN046039,JF943107,-,-
Pedicularis lophotricha,-,-,HG424154,-,-,-,-,-,-,-
Pedicularis ludwigii,-,-,AY155308,HG423974,-,-,-,-,-,-
Pedicularis lutescens,-,-,HG424155,JF955218,-,-,JN046041,KT022779,-,-
Pedicularis lyrata,-,-,JF977626,JF955223,-,-,JN046046,JF943114,-,-
Pedicularis macilenta,-,-,JN252770,KT022606,-,-,-,KT022780,-,-
Pedicularis macrochila,-,-,KF277558,HG423975,-,-,-,JF943121,-,-
Pedicularis macrorhyncha,-,-,HG424156,JF955230,-,-,-,-,-,-
Pedicularis macrosiphon,-,-,JF977638,JF955232,-,-,JN046054,JF943123,-,-
Pedicularis mandshurica,-,-,JN252771,-,-,-,-,-,-,-
Pedicularis mariae,-,-,KY514252,HG423977,-,-,-,-,-,-
Pedicularis maximowiczii,-,-,HG424158,HG423978,-,-,-,-,-,-
Pedicularis maxonii,-,-,HG424159,JF955235,-,-,JN046057,JF943126,-,-
Pedicularis mayana,-,-,JF977643,KR707759,-,-,-,KR707773,-,-
Pedicularis megalantha,-,-,KR707790,JF955237,-,-,-,JF943128,-,-
Pedicularis megalochila,-,-,JF977645,KT022607,-,-,-,KT022781,-,-
Pedicularis membranacea,-,-,-,-,-,-,-,-,-,-
Pedicularis merrilliana,-,-,DQ839427,-,-,-,-,-,-,-
Pedicularis metaszetschuanica,-,-,HG424160,KT022608,-,-,-,KT022782,-,-
Pedicularis micrantha,-,-,HG424161,KR707766,-,-,-,KR707783,-,-
Pedicularis microchila,-,-,KF277560,KT022609,-,-,-,KT022783,-,-
Pedicularis mixta,-,-,HG424162,-,-,-,-,-,-,-
Pedicularis mollis,-,-,HG424163,-,-,-,-,KT022784,-,-
Pedicularis moschata,-,-,AY949671,KY088022,-,-,-,-,-,-
Pedicularis moupinensis,-,-,KY069296,KT022610,-,-,-,KT022785,-,-
Pedicularis muscicola,-,-,JN252775,KT022611,-,-,-,KT022786,-,-
Pedicularis muscoides,-,-,KF277563,KT022612,-,-,-,KT022787,-,-
Pedicularis mussotii,-,-,AY949635,JF955239,-,-,JN046063,JF943130,-,-
Pedicularis mychophila,-,-,HG424164,KT022613,-,-,-,KT022788,-,-
Pedicularis myriophylla,-,-,KF277564,HG423984,-,-,-,-,-,-
Pedicularis nasturtiifolia,-,-,KY069316,KT022614,-,-,-,KT022789,-,-
Pedicularis nasuta,-,-,KF277565,HG423985,-,-,-,-,-,-
Pedicularis nigra,-,-,HG424166,JF955244,-,-,JN046066,JF943135,-,-
Pedicularis nipponica,-,-,JF977652,AB280516,-,-,-,-,-,-
Pedicularis nodosa,-,-,AY949663,-,-,-,-,-,-,-
Pedicularis obliquigaleata,-,-,HG424167,KT022615,-,-,-,KT022790,-,-
Pedicularis ochiaiana,-,-,KF277566,AB280526,-,-,-,-,-,-
Pedicularis oederi,-,-,-,MF158645,-,-,-,JF943137,-,-
Pedicularis oliveriana,-,-,KY069324,KT022616,-,-,-,KT022791,-,-
Pedicularis omiiana,-,-,HG424169,HG423989,-,-,-,-,-,-
Pedicularis ornithorhyncha,-,-,DQ839426,JF955250,-,-,-,MG223642,-,-
Pedicularis orthocoryne,-,-,HG424170,-,-,-,-,JF943141,-,-
Pedicularis oxycarpa,-,-,JF977658,JF955252,-,-,KC840091,KC840111,-,-
Pedicularis oxyrhyncha,-,-,HG424171,-,-,-,-,-,-,-
Pedicularis pacifica,-,-,AY949651,-,-,-,-,-,-,-
Pedicularis paiana,-,-,-,KT022617,-,-,-,KT022793,-,-
Pedicularis pallasii,-,-,KT022472,HG423991,-,-,-,-,-,-
Pedicularis palustris,-,-,-,JN896186,-,-,-,MG223670,-,-
Pedicularis pantlingii,-,-,KX165716,KT022618,-,-,-,KT022794,-,-
Pedicularis parryi,-,-,KT022473,HG423993,-,-,-,-,-,-
Pedicularis parviflora,-,-,HG424174,HG423994,-,-,-,MG222603,-,-
Pedicularis pectinatiformis,-,-,HG424175,KT022619,-,-,-,KT022795,-,-
Pedicularis peduncularis,-,-,HG424176,HG423996,-,-,-,-,-,-
Pedicularis pennellii,-,-,HG424177,HG423997,-,-,-,MG222820,-,-
Pedicularis pentagona,-,-,AY949655,KT022620,-,-,-,KT022796,-,-
Pedicularis petelotii,-,-,KF277569,KT022621,-,-,-,KT022797,-,-
Pedicularis pheulpinii,-,-,KF277570,KT022622,-,-,-,KT022798,-,-
Pedicularis physocalyx,-,-,HG424179,HG423999,-,-,-,KT022799,-,-
Pedicularis pilostachya,-,-,KY069319,KT022624,-,-,-,KT022800,-,-
Pedicularis pinetorum,-,-,HG424181,KT022625,-,-,-,KT022801,-,-
Pedicularis plicata,-,-,KT022475,KT022626,-,-,-,KT022802,-,-
Pedicularis polyodonta,-,-,JN252784,-,-,-,-,-,-,-
Pedicularis pontica,-,-,JN252785,-,-,-,-,-,-,-
Pedicularis popovii,-,-,HG424182,HG424002,-,-,-,-,-,-
Pedicularis praeruptorum,-,-,HG424183,KR707764,-,-,-,KR707787,-,-
Pedicularis proboscidea,-,-,KF277574,HG424003,-,-,-,KT022805,-,-
Pedicularis procera,-,-,HG424184,HG424004,-,-,-,-,-,-
Pedicularis przewalskii,-,-,HM561877,JF955257,-,-,JN046080,JF943149,-,-
Pedicularis pseudomelampyriflora,-,-,KP986234,JF955260,-,-,JN046083,JF943152,-,-
Pedicularis pseudoversicolor,-,-,JN252788,JF955265,-,-,-,JF943157,-,-
Pedicularis pubiflora,-,-,JF977676,HG424005,-,-,-,-,-,-
Pedicularis pulchella,-,-,HG424186,-,-,-,-,-,-,-
Pedicularis pulchra,-,-,KJ735503,HG424006,-,-,-,-,-,-
Pedicularis punctata,-,-,HG424187,-,-,-,-,-,-,-
Pedicularis pycnantha,-,-,-,HG424007,-,-,-,-,-,-
Pedicularis pygmaea,-,-,HG424188,KR699640,-,-,-,KR078263,-,-
Pedicularis pyrenaica,-,-,KF277575,HG424008,-,-,-,-,-,-
Pedicularis qinghaiensis,-,-,HG424189,-,-,-,-,-,-,-
Pedicularis racemosa,-,-,HG424190,HG424010,-,-,-,KX679103,-,-
Pedicularis rainierensis,-,-,KJ735504,-,-,-,-,-,-,-
Pedicularis ramosissima,-,-,KJ735505,KT022630,-,-,-,KT022807,-,-
Pedicularis recurva,-,-,KF277576,-,-,-,-,-,-,-
Pedicularis recutita,-,-,HG424192,-,-,-,-,-,-,-
Pedicularis refracta,-,-,AY209229,-,-,-,-,-,-,-
Pedicularis remotiloba,-,-,AB754823,KT022631,-,-,-,KT022808,-,-
Pedicularis resupinata,-,-,JN252790,AB280527,-,-,JN046093,JF943160,-,-
Pedicularis rex,-,-,KY514253,JF955271,-,-,KF011798,KF011754,-,-
Pedicularis rhinanthoides,-,-,HG424194,JF955279,-,-,JN046100,KT280135,-,-
Pedicularis rhizomatosa,-,-,AY949691,KT022638,-,-,-,KT022817,-,-
Pedicularis rhodotricha,-,-,HG424195,JF955281,-,-,JN046106,JF943173,-,-
Pedicularis rhynchodonta,-,-,AY949674,JF955286,-,-,-,JF943178,-,-
Pedicularis rhynchotricha,-,-,JF977695,KT022639,-,-,-,KT022818,-,-
Pedicularis rigida,-,-,KF277577,JF955291,-,-,JN046114,JF943183,-,-
Pedicularis rizhaoensis,-,-,JF977700,JF955295,-,-,JN046118,JF943187,-,-
Pedicularis rosea,-,-,JF977704,-,-,-,-,-,-,-
Pedicularis roseialba,-,-,HG424196,-,-,-,-,-,-,-
Pedicularis rostratocapitata,-,-,HG424197,-,-,-,-,-,-,-
Pedicularis roylei,-,-,KC480385,JF955297,-,-,JN046120,KT022821,-,-
Pedicularis rubens,-,-,JF977706,HG424018,-,-,-,-,-,-
Pedicularis rudis,-,-,HG424200,KT022643,-,-,-,KT022823,-,-
Pedicularis rupicola,-,-,JN252795,JF955299,-,-,JN046128,KT022824,-,-
Pedicularis salicifolia,-,-,JF977709,KT022645,-,-,-,KT022825,-,-
Pedicularis salviiflora,-,-,KF277579,JF955306,-,-,-,JF943198,-,-
Pedicularis sceptrum-carolinum,-,-,HG424201,AB280528,-,-,-,KR078264,-,-
Pedicularis schistostegia,-,-,KY514255,AB280532,-,-,-,KT022826,-,-
Pedicularis schizorrhyncha,-,-,AY949704,KT022646,-,-,-,-,-,-
Pedicularis schugnana,-,-,HG424203,HG424022,-,-,-,-,-,-
Pedicularis scolopax,-,-,HG424204,KT022647,-,-,-,KT022827,-,-
Pedicularis scopulorum,-,-,AY949670,HG424024,-,-,-,-,-,-
Pedicularis scullyana,-,-,HG424206,HG424026,-,-,-,-,-,-
Pedicularis semenowii,-,-,HG424207,KT280241,-,-,-,-,-,-
Pedicularis semibarbata,-,-,HG424208,-,-,-,-,-,-,-
Pedicularis semitorta,-,-,HM561876,-,-,-,-,KT280136,-,-
Pedicularis sherriffii,-,-,JN252797,KT022649,-,-,-,KT022829,-,-
Pedicularis sibirica,-,-,GU444016,HG424028,-,-,-,-,-,-
Pedicularis sibthorpii,-,-,HG424210,JF955309,-,-,-,-,-,-
Pedicularis sigmoidea,-,-,HG424211,JF955311,-,-,JN046133,KT022830,-,-
Pedicularis sikangensis,-,-,JF977718,-,-,-,-,JF943203,-,-
Pedicularis sima,-,-,JF977720,KT022651,-,-,-,KT022831,-,-
Pedicularis siphonantha,-,-,KT022494,JF955314,-,-,JN046137,KT022833,-,MG547005
Pedicularis smithiana,-,-,JN252798,KT022654,-,-,-,KT022834,-,-
Pedicularis sorbifolia,-,-,JN252799,-,-,-,JN046145,JF943214,-,-
Pedicularis souliei,-,-,JF977731,JF955321,-,-,-,-,-,-
Pedicularis sphaerantha,-,-,-,KT022668,-,-,-,KT022847,-,-
Pedicularis spicata,-,-,JN252800,KT022669,-,-,-,KT022848,-,-
Pedicularis steiningeri,-,-,KY514246,-,-,-,-,-,-,-
Pedicularis stenocorys,-,-,HG424214,KT022670,-,-,-,KT022849,-,-
Pedicularis stewardii,-,-,KF277585,KT022671,-,-,-,KT022850,-,-
Pedicularis streptorhyncha,-,-,KT022507,-,-,-,-,-,-,-
Pedicularis striata,-,-,AY949689,KT022672,-,-,-,KT022851,-,-
Pedicularis strobilacea,-,-,KF277587,KR707760,-,-,-,KR707780,-,-
Pedicularis stylosa,-,-,KR707794,KT022674,-,-,-,KT022853,-,-
Pedicularis sudetica,-,-,KT022509,HG424034,-,-,-,KC483348,-,-
Pedicularis superba,-,-,HG424216,JF955329,-,-,KF011831,KF011787,-,-
Pedicularis sylvatica,-,-,KP986202,AF531781,-,-,-,KM360920,-,-
Pedicularis szetschuanica,-,-,HG424221,KT280242,-,-,-,KT280137,-,-
Pedicularis tachanensis,-,-,HG424222,JF955333,-,-,JN046159,JF943226,-,-
Pedicularis tahaiensis,-,-,JF977743,-,-,-,JN046163,-,-,-
Pedicularis talassica,-,-,-,HG424041,-,-,-,-,-,-
Pedicularis tantalorhyncha,-,-,HG424223,KT022676,-,-,-,KT022855,-,-
Pedicularis tatarinowii,-,-,KT022510,KT022677,-,-,-,KT022856,-,-
Pedicularis tatsienensis,-,-,KF277590,KT022678,-,-,-,KT022857,-,-
Pedicularis tayloriana,-,-,AY949660,KT022679,-,-,-,KT022858,-,-
Pedicularis tenacifolia,-,-,KT022512,KR707757,-,-,-,KR707775,-,-
Pedicularis tenuisecta,-,-,KF277591,JF955337,-,-,-,JF943230,-,-
Pedicularis ternata,-,-,JF977747,KT022680,-,-,-,KT022859,-,-
Pedicularis thamnophila,-,-,AY949694,JF955340,-,-,KF011833,KF011789,-,-
Pedicularis tianschanica,-,-,JN252804,HG424043,-,-,-,-,-,-
Pedicularis tibetica,-,-,HG424225,JF955345,-,-,JN046170,JF943239,-,-
Pedicularis tomentosa,-,-,JF977759,KT022682,-,-,-,KT022861,-,-
Pedicularis tongolensis,-,-,KF277594,JF955349,-,-,JN046173,JF943243,-,-
Pedicularis torta,-,-,HG424226,KT022683,-,-,-,KT022862,-,-
Pedicularis triangularidens,-,-,HG424227,KT022685,-,-,-,KT022864,-,-
Pedicularis trichocymba,-,-,KF277597,KT022686,-,-,-,KT022865,-,-
Pedicularis trichoglossa,-,-,AY949696,JF955354,-,-,JN046179,KT022866,-,-
Pedicularis trichomata,-,-,HG424229,KT022687,-,-,-,KT022867,-,-
Pedicularis tricolor,-,-,KF277599,JF955356,-,-,JN046180,JF943250,-,-
Pedicularis tristis,-,-,HG424230,KT022688,-,-,-,KT022868,-,-
Pedicularis tsangchanensis,-,-,JN252807,KT022689,-,-,-,KT022869,-,-
Pedicularis tsarungensis,-,-,KT022515,-,-,-,-,KT022870,-,-
Pedicularis tsekouensis,-,-,-,JF955359,-,-,JN046183,JF943253,-,-
Pedicularis tuberosa,-,-,JF977770,KC542176,AM234008,KC542261,-,-,-,JX023027
Pedicularis uliginosa,-,-,HG424232,HG424051,-,-,-,-,-,-
Pedicularis umbelliformis,-,-,KY069326,JF955362,-,-,JN046186,KR707774,-,-
Pedicularis uralensis,-,-,JF977773,HG424052,-,-,-,JF943258,-,-
Pedicularis urceolata,-,-,HG424234,JF955364,-,-,JN046188,-,-,-
Pedicularis vagans,-,-,HG424235,KT022690,-,-,-,KT022871,-,-
Pedicularis variegata,-,-,KT022517,JF955369,-,-,JN046193,JF943263,-,-
Pedicularis venusta,-,-,JF977780,HG424054,-,-,-,-,-,-
Pedicularis verbenifolia,-,-,KY069301,KT022691,-,-,-,KT022872,-,-
Pedicularis veronicifolia,-,-,KT022518,KT022692,-,-,-,KT022873,-,-
Pedicularis verticillata,-,-,KF277600,HG424055,-,-,-,KF602154,-,-
Pedicularis vialii,-,-,AY596818,JF955371,-,-,JN046195,JF943265,-,-
Pedicularis villosa,-,-,JF977782,HG424056,-,-,-,-,-,-
Pedicularis violascens,-,-,HG424238,HG424058,-,-,-,KT022875,-,-
Pedicularis waldheimii,-,-,HG424240,HG424059,-,-,-,-,-,-
Pedicularis wanghongiae,-,-,HG424241,KR707768,-,-,-,KR707781,-,-
Pedicularis wilhelmsiana,-,-,KR707796,AB280531,-,-,-,-,-,-
Pedicularis xiangchengensis,-,-,HG424242,-,-,-,-,-,-,-
Pedicularis yezoensis,-,-,DQ839424,-,-,-,-,-,-,-
Pedicularis yui,-,-,AY949683,KR707756,-,-,-,KR707776,-,-
Pedicularis yunnanensis,-,-,KR707799,KR707761,-,-,-,KR707778,-,-
Phacellanthus tubiflorus,-,-,KR707800,KY706625,KY706630,KY706632,-,-,-,KY706620
Phelipanche aegyptiaca,-,-,KY514235,-,-,-,-,-,-,KC814984
Phelipanche arenaria,-,-,MG948171,-,-,-,-,-,-,DQ310041
Phelipanche bungeana,-,-,KY513940,-,-,-,-,-,-,DQ310110
Phelipanche caesia,-,-,AY209330,-,-,-,-,-,-,-
Phelipanche coelestis,-,-,KY513936,-,-,-,-,-,-,DQ310050
Phelipanche georgii-reuteri,-,-,AY209329,-,-,-,-,-,-,-
Phelipanche gratiosa,-,-,EU581800,-,-,-,-,-,-,DQ310116
Phelipanche hirtiflora,-,-,EU581778,-,-,-,-,-,-,DQ310115
Phelipanche inexspectata,-,-,AY960739,-,-,-,-,-,-,-
Phelipanche lavandulacea,-,-,EU581718,-,-,-,-,-,-,DQ310122
Phelipanche mutelii,-,-,EU581730,-,-,-,-,-,-,DQ310121
Phelipanche nana,-,-,EU581804,-,-,-,-,-,-,DQ310120
Phelipanche nowackiana,-,-,AY209352,-,-,-,-,-,-,DQ403783
Phelipanche oxyloba,-,-,AY209319,-,-,-,-,-,-,DQ310108
Phelipanche portoilicitana,-,-,AY960743,-,-,-,-,-,-,-
Phelipanche pulchella,-,-,AY209326,-,-,-,-,-,-,DQ310055
Phelipanche purpurea,-,-,KY513964,-,-,-,-,JN892425,-,DQ310035
Phelipanche ramosa,-,-,KY513945,AF056148,AM233996,-,-,-,-,U48761
Phelipanche rosmarina,-,-,EU581735,-,-,-,-,-,-,DQ310059
Phelipanche tunetana,-,-,AY209324,-,-,-,-,-,-,DQ310065
Phtheirospermum japonicum,-,-,MG523326,JX091332,AM234010,KC542262,JQ910099,KX527173,-,MG547006
Pseudobartsia yunnanensis,-,-,GU445317,-,-,-,-,-,-,-
Pterygiella cylindrica,-,-,GU445320,JF746407,-,-,-,JF746425,-,MG547034
Pterygiella duclouxii,-,-,KJ563194,JF746410,-,-,-,JF746428,-,MG547036
Pterygiella muliensis,-,-,MG523331,MG546879,-,-,-,MG546921,-,MG547015
Pterygiella nigrescens,-,-,KC480388,KC542177,-,KC542263,-,JF746437,-,MG547038
Pterygiella parishii,-,-,JQ910092,-,-,-,-,-,-,-
Pterygiella tenuisecta,-,-,MG523349,KX959247,-,-,-,-,-,MG547025
Radamaea montana,-,-,KC480389,KC542178,-,-,-,MG546931,-,KC480433
Rehmannia angulata,-,-,-,-,-,-,-,-,-,-
Rehmannia chingii,-,-,EF363673,KR424749,-,-,KR424763,EF544598,-,FJ172710
Rehmannia chrysantha,-,-,KT036606,-,-,-,-,-,-,-
Rehmannia elata,-,-,MG523350,HQ384505,-,-,-,HQ384874,-,MG547041
Rehmannia glutinosa,-,-,FJ770228,GQ434277,-,-,KR424764,AJ247615,-,FJ172711
Rehmannia henryi,-,-,DQ272447,KR424747,-,-,-,FJ172722,-,FJ172708
Rehmannia japonica,-,-,-,-,-,-,-,-,-,-
Rehmannia piasezkii,-,-,EF363670,KR424746,-,-,KR424760,FJ172721,-,FJ172707
Rehmannia solanifolia,-,-,DQ069314,KR424748,-,-,KR424762,FJ172723,-,FJ172709
Rhinanthus angustifolius,-,-,-,-,-,-,-,-,-,-
Rhinanthus aristatus,-,-,AY911250,-,-,-,-,-,-,-
Rhinanthus crista-galli,-,-,KM408210,-,-,-,-,-,-,-
Rhinanthus cristatus,-,-,-,-,-,-,-,-,-,U48756
Rhinanthus glacialis,-,-,FJ790041,FJ790101,AM234014,KC542267,-,-,-,KC480436
Rhinanthus kyrollae,-,-,KM408209,-,-,-,-,-,-,-
Rhinanthus mediterraneus,-,-,-,-,-,-,-,-,-,-
Rhinanthus rumelicus,-,-,FJ790043,FJ790103,-,-,-,-,-,-
Rhinanthus serotinus,-,-,-,-,-,-,-,-,-,-
Rhynchocorys elephas,-,-,FJ790055,FJ790115,-,-,-,-,-,-
Rhynchocorys kurdica,-,-,JF900499,FJ790097,-,-,-,-,-,-
Rhynchocorys maxima,-,-,FJ790036,FJ790096,-,-,-,KU235129,-,-
Rhynchocorys odontophylla,-,-,FJ790034,FJ790094,-,-,-,-,-,-
Rhynchocorys orientalis,-,-,JF900498,FJ790095,AM234016,KC542269,-,-,-,JX023030
Rhynchocorys stricta,-,-,FJ790056,FJ790116,-,-,-,-,-,-
Schwalbea americana,-,-,KC480394,AF051998,AM234017,KC542270,-,AY849866,-,AF055150
Seymeria cassioides,-,-,-,KJ773143,-,-,-,KJ773887,-,-
Seymeria laciniata,EF103678,-,EF103742,KC542183,AM234019,-,-,-,-,-
Seymeria pectinata,-,-,AY911253,AF051999,-,-,-,AF026837,-,AF055141
Sieversandreas madagascarianus,-,-,-,FR728643,-,-,-,-,-,-
Siphonostegia chinensis,-,-,MG523351,KC542184,AM234020,KC542271,-,KX527313,-,KC480437
Siphonostegia laeta,-,-,JN381014,-,-,KC542272,-,-,-,-
Siphonostegia syriaca,-,-,KC480398,-,-,-,-,-,-,-
Sopubia cana,-,-,KC480399,JX091335,AM234021,-,-,-,-,U48748 
Sopubia karaguensis,-,-,-,FR728652,-,-,-,-,-,-
Sopubia lanata,-,-,MG523352,KC542185,AM234022,KC542273,-,MG546941,-,MG547043
Sopubia lemuriana,-,-,EU259259,FR728651,-,-,-,-,-,-
Sopubia mannii,-,-,FJ790062,FJ790122,-,-,-,-,-,-
Sopubia ramosa,-,-,KC480401,-,AM234023,-,-,-,-,-
Sopubia simplex,-,-,EU253607,-,-,-,-,-,-,-
Sopubia triphylla,-,-,-,-,-,-,-,-,-,-
Striga asiatica,-,-,KC480402,AF052000,AM234024,-,-,AF026838,-,U48746
Striga bilabiata,-,-,KC480403,FR728647,AM234025,KC542274,-,-,-,JX023036
Striga elegans,-,-,AY911256,JX091337,KC542193,KC542276,-,EU213519,-,KC480439
Striga forbesii,-,-,EU259266,-,-,-,-,-,-,-
Striga gesnerioides,-,-,KC480404,FR728646,AM234026,KC542275,-,AF026839,-,KC480440
Striga hermonthica,-,-,-,-,-,-,-,AF026840,-,-
Striga passargei,-,-,-,-,-,-,-,AF026841,-,-
Tozzia alpina,-,-,MF444624,AF052001,AM234031,KC542278,-,AF026843,-,U48754
Triaenophora rupestris,-,-,EF363675,KR424751,-,-,KR424765,EF544599,-,FJ172712
Triaenophora shennongjiaensis,-,-,FJ172741,-,-,-,-,FJ172732,-,FJ172717
Triphysaria eriantha,EF103672,FJ939228,FJ939252,-,-,-,-,MF963274,-,-
Triphysaria floribunda,-,-,KC480408,-,-,-,-,-,-,-
Triphysaria micrantha,-,-,EF103737,-,-,-,-,-,-,-
Triphysaria pusilla,-,FJ939227,MF964016,-,-,-,-,MF963275,-,-
Triphysaria versicolor,-,FJ939225,FJ939254,-,-,-,-,MG223569,-,-
Xizangia bartschioides,-,-,MG523354,JF746423,-,-,-,JF746443,-,MG547044
Xylocalyx aculeolatus,-,-,KC480410,-,-,-,-,-,-,-
Xylocalyx asper,-,-,KC480411,KC542186,-,KC542279,-,-,-,-
Xylocalyx carterae,-,-,KC480412,-,-,-,-,-,-,-,,,,